,sex,age,address,famsize,Pstatus,Medu,Fedu,reason,guardian,traveltime,studytime,failures,schoolsup,famsup,paid,activities,nursery,higher,internet,romantic,famrel,freetime,goout,Dalc,Walc,health,absences,G1,G2,G3,discipline,final_grade_label,final_grade_segment
0,F,18,U,GT3,A,4,4,course,mother,2,2,0,yes,no,no,no,yes,yes,no,no,4,3,4,1,1,3,6,5,6,6,maths,Fail,Fail
1,F,17,U,GT3,T,1,1,course,father,1,2,0,no,yes,no,no,no,yes,yes,no,5,3,3,1,1,3,4,5,5,6,maths,Fail,Fail
2,F,15,U,LE3,T,1,1,other,mother,1,2,3,yes,no,yes,no,yes,yes,yes,no,4,3,2,2,3,3,10,7,8,10,maths,Pass,Good
3,F,15,U,GT3,T,4,2,home,mother,1,3,0,no,yes,yes,yes,yes,yes,yes,yes,3,2,2,1,1,5,2,15,14,15,maths,Pass,Very_Good
4,F,16,U,GT3,T,3,3,home,father,1,2,0,no,yes,yes,no,yes,yes,no,no,4,3,2,1,2,5,4,6,10,10,maths,Pass,Good
5,M,16,U,LE3,T,4,3,reputation,mother,1,2,0,no,yes,yes,yes,yes,yes,yes,no,5,4,2,1,2,5,10,15,15,15,maths,Pass,Very_Good
6,M,16,U,LE3,T,2,2,home,mother,1,2,0,no,no,no,no,yes,yes,yes,no,4,4,4,1,1,3,0,12,12,11,maths,Pass,Good
7,F,17,U,GT3,A,4,4,home,mother,2,2,0,yes,yes,no,no,yes,yes,no,no,4,1,4,1,1,1,6,6,5,6,maths,Fail,Fail
8,M,15,U,LE3,A,3,2,home,mother,1,2,0,no,yes,yes,no,yes,yes,yes,no,4,2,2,1,1,1,0,16,18,19,maths,Pass,Excellent
9,M,15,U,GT3,T,3,4,home,mother,1,2,0,no,yes,yes,yes,yes,yes,yes,no,5,5,1,1,1,5,0,14,15,15,maths,Pass,Very_Good
10,F,15,U,GT3,T,4,4,reputation,mother,1,2,0,no,yes,yes,no,yes,yes,yes,no,3,3,3,1,2,2,0,10,8,9,maths,Fail,Fail
11,F,15,U,GT3,T,2,1,reputation,father,3,3,0,no,yes,no,yes,yes,yes,yes,no,5,2,2,1,1,4,4,10,12,12,maths,Pass,Good
12,M,15,U,LE3,T,4,4,course,father,1,1,0,no,yes,yes,yes,yes,yes,yes,no,4,3,3,1,3,5,2,14,14,14,maths,Pass,Very_Good
13,M,15,U,GT3,T,4,3,course,mother,2,2,0,no,yes,yes,no,yes,yes,yes,no,5,4,3,1,2,3,2,10,10,11,maths,Pass,Good
14,M,15,U,GT3,A,2,2,home,other,1,3,0,no,yes,no,no,yes,yes,yes,yes,4,5,2,1,1,3,0,14,16,16,maths,Pass,Excellent
15,F,16,U,GT3,T,4,4,home,mother,1,1,0,no,yes,no,no,yes,yes,yes,no,4,4,4,1,2,2,4,14,14,14,maths,Pass,Very_Good
16,F,16,U,GT3,T,4,4,reputation,mother,1,3,0,no,yes,yes,yes,yes,yes,yes,no,3,2,3,1,2,2,6,13,14,14,maths,Pass,Very_Good
17,F,16,U,GT3,T,3,3,reputation,mother,3,2,0,yes,yes,no,yes,yes,yes,no,no,5,3,2,1,1,4,4,8,10,10,maths,Pass,Good
18,M,17,U,GT3,T,3,2,course,mother,1,1,3,no,yes,no,yes,yes,yes,yes,no,5,5,5,2,4,5,16,6,5,5,maths,Fail,Fail
19,M,16,U,LE3,T,4,3,home,father,1,1,0,no,no,yes,yes,yes,yes,yes,no,3,1,3,1,3,5,4,8,10,10,maths,Pass,Good
20,M,15,U,GT3,T,4,3,reputation,mother,1,2,0,no,no,no,no,yes,yes,yes,no,4,4,1,1,1,1,0,13,14,15,maths,Pass,Very_Good
21,M,15,U,GT3,T,4,4,other,father,1,1,0,no,yes,yes,no,yes,yes,yes,no,5,4,2,1,1,5,0,12,15,15,maths,Pass,Very_Good
22,M,16,U,LE3,T,4,2,course,mother,1,2,0,no,no,no,yes,yes,yes,yes,no,4,5,1,1,3,5,2,15,15,16,maths,Pass,Excellent
23,M,16,U,LE3,T,2,2,reputation,mother,2,2,0,no,yes,no,yes,yes,yes,yes,no,5,4,4,2,4,5,0,13,13,12,maths,Pass,Good
24,F,15,R,GT3,T,2,4,course,mother,1,3,0,yes,yes,yes,yes,yes,yes,yes,no,4,3,2,1,1,5,2,10,9,8,maths,Fail,Fail
25,F,16,U,GT3,T,2,2,home,mother,1,1,2,no,yes,yes,no,no,yes,yes,no,1,2,2,1,3,5,14,6,9,8,maths,Fail,Fail
26,M,15,U,GT3,T,2,2,home,mother,1,1,0,no,yes,yes,no,yes,yes,yes,no,4,2,2,1,2,5,2,12,12,11,maths,Pass,Good
27,M,15,U,GT3,T,4,2,other,mother,1,1,0,no,no,yes,no,yes,yes,yes,no,2,2,4,2,4,1,4,15,16,15,maths,Pass,Very_Good
28,M,16,U,LE3,A,3,4,home,mother,1,2,0,yes,yes,no,yes,yes,yes,yes,no,5,3,3,1,1,5,4,11,11,11,maths,Pass,Good
29,M,16,U,GT3,T,4,4,home,mother,1,2,0,no,yes,yes,yes,yes,yes,yes,yes,4,4,5,5,5,5,16,10,12,11,maths,Pass,Good
30,M,15,U,GT3,T,4,4,home,mother,1,2,0,no,yes,yes,no,no,yes,yes,no,5,4,2,3,4,5,0,9,11,12,maths,Pass,Good
31,M,15,U,GT3,T,4,4,reputation,mother,2,2,0,no,yes,no,yes,yes,yes,yes,no,4,3,1,1,1,5,0,17,16,17,maths,Pass,Excellent
32,M,15,R,GT3,T,4,3,course,mother,1,2,0,no,yes,no,yes,yes,yes,yes,yes,4,5,2,1,1,5,0,17,16,16,maths,Pass,Excellent
33,M,15,U,LE3,T,3,3,course,mother,1,2,0,no,no,no,yes,no,yes,yes,no,5,3,2,1,1,2,0,8,10,12,maths,Pass,Good
34,M,16,U,GT3,T,3,2,home,mother,1,1,0,no,yes,yes,no,no,yes,yes,no,5,4,3,1,1,5,0,12,14,15,maths,Pass,Very_Good
35,F,15,U,GT3,T,2,3,other,father,2,1,0,no,yes,no,yes,yes,yes,no,no,3,5,1,1,1,5,0,8,7,6,maths,Fail,Fail
36,M,15,U,LE3,T,4,3,home,mother,1,3,0,no,yes,no,yes,yes,yes,yes,no,5,4,3,1,1,4,2,15,16,18,maths,Pass,Excellent
37,M,16,R,GT3,A,4,4,reputation,mother,2,3,0,no,yes,no,yes,yes,yes,yes,yes,2,4,3,1,1,5,7,15,16,15,maths,Pass,Very_Good
38,F,15,R,GT3,T,3,4,course,mother,1,3,0,yes,yes,yes,yes,yes,yes,yes,no,4,3,2,1,1,5,2,12,12,11,maths,Pass,Good
39,F,15,R,GT3,T,2,2,reputation,mother,1,1,0,yes,yes,yes,yes,yes,yes,no,no,4,3,1,1,1,2,8,14,13,13,maths,Pass,Good
40,F,16,U,LE3,T,2,2,home,mother,2,2,1,no,yes,no,yes,no,yes,yes,yes,3,3,3,1,2,3,25,7,10,11,maths,Pass,Good
41,M,15,U,LE3,T,4,4,home,other,1,1,0,no,yes,no,no,no,yes,yes,yes,5,4,3,2,4,5,8,12,12,12,maths,Pass,Good
42,M,15,U,GT3,T,4,4,course,father,1,2,0,no,yes,no,yes,yes,yes,yes,no,4,3,3,1,1,5,2,19,18,18,maths,Pass,Excellent
43,M,15,U,GT3,T,2,2,course,father,1,1,0,yes,yes,no,no,yes,yes,yes,no,5,4,1,1,1,1,0,8,8,11,maths,Pass,Good
44,F,16,U,LE3,T,2,2,course,father,2,2,1,yes,no,no,yes,yes,yes,yes,no,4,3,3,2,2,5,14,10,10,9,maths,Fail,Fail
45,F,15,U,LE3,A,4,3,course,mother,1,2,0,yes,yes,yes,yes,yes,yes,yes,yes,5,2,2,1,1,5,8,8,8,6,maths,Fail,Fail
46,F,16,U,LE3,A,3,3,home,mother,1,2,0,no,yes,no,no,yes,yes,yes,no,2,3,5,1,4,3,12,11,12,11,maths,Pass,Good
47,M,16,U,GT3,T,4,3,reputation,mother,1,4,0,no,no,no,yes,yes,yes,yes,no,4,2,2,1,1,2,4,19,19,20,maths,Pass,Excellent
48,M,15,U,GT3,T,4,2,home,mother,1,2,0,no,yes,yes,no,yes,yes,no,no,4,3,3,2,2,5,2,15,15,14,maths,Pass,Very_Good
49,F,15,U,GT3,T,4,4,other,father,1,2,1,yes,yes,no,yes,no,yes,yes,no,4,4,4,1,1,3,2,7,7,7,maths,Fail,Fail
50,F,16,U,LE3,T,2,2,course,mother,3,2,0,no,yes,yes,no,yes,yes,yes,no,4,3,3,2,3,4,2,12,13,13,maths,Pass,Good
51,F,15,U,LE3,T,4,2,other,mother,1,2,0,no,yes,yes,no,yes,yes,yes,no,4,3,3,1,1,5,2,11,13,13,maths,Pass,Good
52,M,15,U,LE3,A,4,2,other,father,2,1,1,no,no,no,no,yes,yes,no,no,5,5,5,3,4,5,6,11,11,10,maths,Pass,Good
53,F,15,U,GT3,T,4,4,course,mother,1,1,0,yes,yes,yes,no,yes,yes,yes,no,3,3,4,2,3,5,0,8,10,11,maths,Pass,Good
54,F,15,U,LE3,A,3,3,other,mother,1,1,0,no,no,yes,no,yes,yes,yes,no,5,3,4,4,4,1,6,10,13,13,maths,Pass,Good
55,F,16,U,GT3,A,2,1,other,mother,1,2,0,no,no,yes,yes,yes,yes,yes,yes,5,3,4,1,1,2,8,8,9,10,maths,Pass,Good
56,F,15,U,GT3,A,4,3,reputation,mother,1,2,0,no,yes,yes,yes,yes,yes,yes,no,4,3,2,1,1,1,0,14,15,15,maths,Pass,Very_Good
57,M,15,U,GT3,T,4,4,reputation,mother,1,2,0,no,yes,no,yes,yes,yes,no,no,3,2,2,1,1,5,4,14,15,15,maths,Pass,Very_Good
58,M,15,U,LE3,T,1,2,home,father,1,2,0,yes,yes,no,yes,yes,yes,yes,no,4,3,2,1,1,5,2,9,10,9,maths,Fail,Fail
59,F,16,U,GT3,T,4,2,course,mother,1,2,0,no,yes,no,no,yes,yes,yes,no,4,2,3,1,1,5,2,15,16,16,maths,Pass,Excellent
60,F,16,R,GT3,T,4,4,other,mother,1,2,0,no,yes,no,yes,yes,yes,no,no,2,4,4,2,3,4,6,10,11,11,maths,Pass,Good
61,F,16,U,GT3,T,1,1,course,father,4,1,0,yes,yes,no,yes,no,yes,yes,yes,5,5,5,5,5,5,6,10,8,11,maths,Pass,Good
62,F,16,U,LE3,T,1,2,reputation,father,1,2,0,yes,no,no,yes,yes,yes,yes,no,4,4,3,1,1,1,4,8,10,9,maths,Fail,Fail
63,F,16,U,GT3,T,4,3,home,mother,1,3,0,yes,yes,yes,yes,yes,yes,yes,no,3,4,4,2,4,4,2,10,9,9,maths,Fail,Fail
64,F,15,U,LE3,T,4,3,reputation,father,1,2,0,yes,no,no,yes,yes,yes,yes,yes,4,4,4,2,4,2,0,10,10,10,maths,Pass,Good
65,F,16,U,LE3,T,4,3,course,mother,3,2,0,no,yes,no,yes,yes,yes,yes,no,5,4,3,1,2,1,2,16,15,15,maths,Pass,Very_Good
66,M,15,U,GT3,A,4,4,reputation,mother,1,4,0,no,yes,no,yes,no,yes,yes,yes,1,3,3,5,5,3,4,13,13,12,maths,Pass,Good
67,F,16,U,GT3,T,3,1,course,mother,1,4,0,yes,yes,yes,no,yes,yes,yes,no,4,3,3,1,2,5,4,7,7,6,maths,Fail,Fail
68,F,15,R,LE3,T,2,2,reputation,mother,2,2,0,yes,yes,yes,no,yes,yes,yes,no,4,1,3,1,3,4,2,8,9,8,maths,Fail,Fail
69,F,15,R,LE3,T,3,1,reputation,father,2,4,0,no,yes,no,no,no,yes,yes,no,4,4,2,2,3,3,12,16,16,16,maths,Pass,Excellent
70,M,16,U,GT3,T,3,1,reputation,father,2,4,0,no,yes,yes,no,yes,yes,yes,no,4,3,2,1,1,5,0,13,15,15,maths,Pass,Very_Good
71,M,15,U,GT3,T,4,2,course,mother,1,4,0,no,no,no,no,yes,yes,yes,no,3,3,3,1,1,3,0,10,10,10,maths,Pass,Good
72,F,15,R,GT3,T,1,1,reputation,mother,1,2,2,yes,yes,no,no,no,yes,yes,yes,3,3,4,2,4,5,2,8,6,5,maths,Fail,Fail
73,M,16,U,GT3,T,3,1,reputation,mother,1,1,0,no,no,no,yes,yes,yes,no,no,5,3,2,2,2,5,2,12,12,14,maths,Pass,Very_Good
74,F,16,U,GT3,T,3,3,home,mother,1,2,0,yes,yes,yes,yes,yes,yes,yes,no,4,3,3,2,4,5,54,11,12,11,maths,Pass,Good
75,M,15,U,GT3,T,4,3,home,mother,1,2,0,no,yes,yes,yes,yes,yes,yes,no,4,3,3,2,3,5,6,9,9,10,maths,Pass,Good
76,M,15,U,GT3,T,4,0,course,mother,2,4,0,no,no,no,yes,yes,yes,yes,no,3,4,3,1,1,1,8,11,11,10,maths,Pass,Good
77,F,16,U,GT3,T,2,2,reputation,mother,1,4,0,no,no,yes,no,yes,yes,yes,yes,5,2,3,1,3,3,0,11,11,11,maths,Pass,Good
78,M,17,U,GT3,T,2,1,home,mother,2,1,3,yes,yes,no,yes,yes,no,yes,no,4,5,1,1,1,3,2,8,8,10,maths,Pass,Good
79,F,16,U,GT3,T,3,4,course,mother,1,2,0,no,yes,no,no,yes,yes,yes,no,2,4,3,1,2,3,12,5,5,5,maths,Fail,Fail
80,M,15,U,GT3,T,2,3,course,father,1,1,0,yes,yes,yes,yes,no,yes,yes,yes,3,2,2,1,3,3,2,10,12,12,maths,Pass,Good
81,M,15,U,GT3,T,2,3,home,mother,1,3,0,yes,no,yes,no,no,yes,yes,no,5,3,2,1,2,5,4,11,10,11,maths,Pass,Good
82,F,15,U,LE3,T,3,2,reputation,mother,1,2,0,no,yes,yes,no,yes,yes,yes,no,4,4,4,1,1,5,10,7,6,6,maths,Fail,Fail
83,M,15,U,LE3,T,2,2,home,mother,2,2,0,no,no,yes,yes,yes,yes,yes,no,5,3,3,1,3,4,4,15,15,15,maths,Pass,Very_Good
84,F,15,U,GT3,T,1,1,home,father,1,2,0,no,yes,no,yes,no,yes,yes,no,4,3,2,2,3,4,2,9,10,10,maths,Pass,Good
85,F,15,U,GT3,T,4,4,reputation,father,2,2,2,no,no,yes,no,yes,yes,yes,yes,4,4,4,2,3,5,6,7,9,8,maths,Fail,Fail
86,F,16,U,LE3,T,2,2,course,mother,1,2,0,no,yes,no,no,yes,yes,no,no,4,3,4,1,2,2,4,8,7,6,maths,Fail,Fail
87,F,15,U,GT3,T,4,2,reputation,mother,1,3,0,no,yes,no,yes,yes,yes,yes,no,5,3,3,1,3,1,4,13,14,14,maths,Pass,Very_Good
88,M,16,U,GT3,T,2,2,reputation,father,2,2,1,no,no,yes,yes,no,yes,yes,no,4,4,2,1,1,3,12,11,10,10,maths,Pass,Good
89,M,16,U,LE3,A,4,4,reputation,mother,1,2,0,no,yes,no,no,yes,yes,no,no,4,1,3,3,5,5,18,8,6,7,maths,Fail,Fail
90,F,16,U,GT3,T,3,3,home,mother,1,3,0,no,yes,yes,no,yes,yes,yes,yes,4,3,3,1,3,4,0,7,7,8,maths,Fail,Fail
91,F,15,U,GT3,T,4,3,reputation,mother,1,1,0,no,no,yes,yes,yes,yes,yes,no,4,5,5,1,3,1,4,16,17,18,maths,Pass,Excellent
92,F,16,U,LE3,T,3,1,home,father,1,2,0,yes,yes,no,no,yes,yes,no,no,3,3,3,2,3,2,4,7,6,6,maths,Fail,Fail
93,F,16,U,GT3,T,4,2,home,mother,2,2,0,no,yes,yes,yes,yes,yes,yes,no,5,3,3,1,1,1,0,11,10,10,maths,Pass,Good
94,M,15,U,LE3,T,2,2,reputation,mother,1,4,0,no,yes,no,yes,yes,yes,yes,no,4,3,4,1,1,4,6,11,13,14,maths,Pass,Very_Good
95,F,15,R,GT3,T,1,1,home,mother,2,4,1,yes,yes,yes,yes,yes,yes,yes,no,3,1,2,1,1,1,2,7,10,10,maths,Pass,Good
96,M,16,R,GT3,T,4,3,reputation,mother,2,1,0,yes,yes,no,yes,no,yes,yes,no,3,3,3,1,1,4,2,11,15,15,maths,Pass,Very_Good
97,F,16,U,GT3,T,2,1,course,mother,1,2,0,no,yes,yes,no,yes,yes,no,yes,4,3,5,1,1,5,2,8,9,10,maths,Pass,Good
98,F,16,U,GT3,T,4,4,reputation,mother,1,1,0,no,no,no,yes,no,yes,yes,no,5,3,4,1,2,1,6,11,14,14,maths,Pass,Very_Good
99,F,16,U,GT3,T,4,3,course,mother,1,3,0,yes,yes,yes,no,yes,yes,yes,no,5,3,5,1,1,3,0,7,9,8,maths,Fail,Fail
100,M,16,U,GT3,T,4,4,other,mother,1,1,0,yes,yes,yes,yes,yes,yes,yes,no,4,5,5,5,5,4,14,7,7,5,maths,Fail,Fail
101,M,16,U,GT3,T,4,4,other,father,1,3,0,no,yes,no,yes,yes,yes,yes,yes,4,4,3,1,1,4,0,16,17,17,maths,Pass,Excellent
102,M,15,U,GT3,T,4,4,course,mother,1,1,0,no,yes,no,yes,no,yes,yes,no,5,3,3,1,1,5,4,10,13,14,maths,Pass,Very_Good
103,F,15,U,GT3,T,3,2,home,mother,2,2,0,yes,yes,yes,no,yes,yes,yes,no,4,3,5,1,1,2,26,7,6,6,maths,Fail,Fail
104,M,15,U,GT3,A,3,4,course,mother,1,2,0,no,yes,yes,yes,yes,yes,yes,no,5,4,4,1,1,1,0,16,18,18,maths,Pass,Excellent
105,F,15,U,GT3,A,3,3,reputation,father,1,4,0,yes,no,no,no,yes,yes,no,no,4,3,3,1,1,4,10,10,11,11,maths,Pass,Good
106,F,15,U,GT3,T,2,2,course,mother,1,4,0,yes,yes,yes,no,yes,yes,yes,no,5,1,2,1,1,3,8,7,8,8,maths,Fail,Fail
107,M,16,U,GT3,T,3,3,home,father,1,3,0,no,yes,no,yes,yes,yes,yes,no,5,3,3,1,1,5,2,16,18,18,maths,Pass,Excellent
108,M,15,R,GT3,T,4,4,home,father,4,4,0,no,yes,yes,yes,yes,yes,yes,yes,1,3,5,3,5,1,6,10,13,13,maths,Pass,Good
109,F,16,U,LE3,T,4,4,other,mother,1,3,0,no,yes,yes,yes,yes,yes,yes,yes,5,4,5,1,1,4,4,14,15,16,maths,Pass,Excellent
110,M,15,U,LE3,A,4,4,course,mother,1,1,0,no,no,no,yes,yes,yes,yes,no,5,5,3,1,1,4,6,18,19,19,maths,Pass,Excellent
111,F,16,R,GT3,T,3,3,reputation,father,1,3,1,yes,yes,no,yes,yes,yes,yes,no,4,1,2,1,1,2,0,7,10,10,maths,Pass,Good
112,F,16,U,GT3,T,2,2,home,mother,1,2,1,yes,no,no,yes,yes,yes,yes,no,3,1,2,1,1,5,6,10,13,13,maths,Pass,Good
113,M,15,U,LE3,T,4,2,course,mother,1,1,0,no,no,no,no,yes,yes,yes,no,3,5,2,1,1,3,10,18,19,19,maths,Pass,Excellent
114,M,15,R,GT3,T,2,1,reputation,mother,1,2,0,no,no,no,yes,yes,yes,yes,yes,5,4,2,1,1,5,8,9,9,9,maths,Fail,Fail
115,M,16,U,GT3,T,4,4,course,father,1,2,0,no,yes,no,yes,yes,yes,yes,no,5,4,4,1,2,5,2,15,15,16,maths,Pass,Excellent
116,M,15,U,GT3,T,4,4,reputation,father,2,2,0,no,yes,no,yes,yes,yes,no,no,4,4,3,1,1,2,2,11,13,14,maths,Pass,Very_Good
117,M,16,U,GT3,T,3,3,home,father,2,1,0,no,no,no,yes,yes,yes,yes,no,5,4,2,1,1,5,0,13,14,13,maths,Pass,Good
118,M,17,R,GT3,T,1,3,course,father,3,2,1,no,yes,no,yes,yes,yes,yes,no,5,2,4,1,4,5,20,9,7,8,maths,Fail,Fail
119,M,15,U,GT3,T,3,4,reputation,father,1,1,0,no,no,no,no,yes,yes,yes,no,3,4,3,1,2,4,6,14,13,13,maths,Pass,Good
120,F,15,U,GT3,T,1,2,course,mother,1,2,0,no,no,no,no,no,yes,yes,no,3,2,3,1,2,1,2,16,15,15,maths,Pass,Very_Good
121,M,15,U,GT3,T,2,2,home,father,1,4,0,no,yes,yes,yes,yes,yes,yes,no,5,5,4,1,2,5,6,16,14,15,maths,Pass,Very_Good
122,F,16,U,LE3,T,2,4,course,father,2,2,0,no,yes,yes,yes,yes,yes,yes,yes,4,2,2,1,2,5,2,13,13,13,maths,Pass,Good
123,M,16,U,GT3,T,4,4,course,mother,1,1,0,no,yes,no,yes,yes,yes,yes,no,3,4,4,1,4,5,18,14,11,13,maths,Pass,Good
124,F,16,U,GT3,T,2,2,home,mother,1,2,0,no,no,yes,no,yes,yes,yes,yes,5,4,4,1,1,5,0,8,7,8,maths,Fail,Fail
125,M,15,U,GT3,T,3,4,home,father,1,1,0,yes,no,no,no,yes,yes,yes,no,5,5,5,3,2,5,0,13,13,12,maths,Pass,Good
126,F,15,U,LE3,A,3,4,home,mother,1,2,0,yes,no,no,yes,yes,yes,yes,yes,5,3,2,1,1,1,0,7,10,11,maths,Pass,Good
127,F,19,U,GT3,T,0,1,course,other,1,2,3,no,yes,no,no,no,no,no,no,3,4,2,1,1,5,2,7,8,9,maths,Fail,Fail
128,M,18,R,GT3,T,2,2,reputation,mother,1,1,2,no,yes,no,yes,yes,yes,yes,no,3,3,3,1,2,4,0,7,4,0,maths,Fail,Fail
129,M,16,R,GT3,T,4,4,course,mother,1,1,0,no,no,yes,yes,yes,yes,yes,no,3,5,5,2,5,4,8,18,18,18,maths,Pass,Excellent
130,F,15,R,GT3,T,3,4,course,father,2,3,2,no,yes,no,no,yes,yes,yes,yes,4,2,2,2,2,5,0,12,0,0,maths,Fail,Fail
131,F,15,U,GT3,T,1,1,course,mother,3,1,0,no,yes,no,yes,no,yes,yes,yes,4,3,3,1,2,4,0,8,0,0,maths,Fail,Fail
132,F,17,U,LE3,T,2,2,course,father,1,1,0,no,yes,no,no,yes,yes,yes,yes,3,4,4,1,3,5,12,10,13,12,maths,Pass,Good
133,F,16,U,GT3,A,3,4,course,father,1,1,0,no,no,no,no,yes,yes,yes,no,3,2,1,1,4,5,16,12,11,11,maths,Pass,Good
134,M,15,R,GT3,T,3,4,course,mother,4,2,0,no,yes,no,no,yes,yes,no,yes,5,3,3,1,1,5,0,9,0,0,maths,Fail,Fail
135,F,15,U,GT3,T,4,4,course,mother,1,3,0,no,yes,no,yes,yes,yes,yes,yes,4,3,3,1,1,5,0,11,0,0,maths,Fail,Fail
136,M,17,R,GT3,T,3,4,course,mother,3,2,0,no,no,no,no,yes,yes,no,no,5,4,5,2,4,5,0,10,0,0,maths,Fail,Fail
137,F,16,U,GT3,A,3,3,course,other,2,1,2,no,yes,no,yes,no,yes,yes,yes,4,3,2,1,1,5,0,4,0,0,maths,Fail,Fail
138,M,16,U,LE3,T,1,1,course,mother,1,2,1,no,no,no,no,yes,yes,no,yes,4,4,4,1,3,5,0,14,12,12,maths,Pass,Good
139,F,15,U,GT3,T,4,4,course,mother,2,1,0,no,no,no,yes,yes,yes,yes,no,4,3,2,1,1,5,0,16,16,15,maths,Pass,Very_Good
140,M,15,U,GT3,T,4,3,course,father,2,4,0,yes,yes,no,no,yes,yes,yes,no,2,2,2,1,1,3,0,7,9,0,maths,Fail,Fail
141,M,16,U,LE3,T,2,2,reputation,father,2,1,2,no,yes,no,yes,yes,yes,yes,no,2,3,3,2,2,2,8,9,9,9,maths,Fail,Fail
142,F,15,U,GT3,T,4,4,course,mother,1,3,0,no,yes,yes,yes,yes,yes,yes,no,4,2,2,1,1,5,2,9,11,11,maths,Pass,Good
143,F,16,U,LE3,T,1,1,course,mother,1,1,0,no,no,no,no,yes,yes,yes,no,3,4,4,3,3,1,2,14,14,13,maths,Pass,Good
144,M,17,U,GT3,T,2,1,home,mother,1,1,3,no,yes,no,no,yes,yes,yes,no,5,4,5,1,2,5,0,5,0,0,maths,Fail,Fail
145,F,15,U,GT3,T,1,1,course,father,1,2,0,no,yes,yes,no,yes,yes,yes,no,4,4,2,1,2,5,0,8,11,11,maths,Pass,Good
146,F,15,U,GT3,T,3,2,home,father,1,2,3,no,yes,no,no,yes,yes,yes,no,3,3,2,1,1,3,0,6,7,0,maths,Fail,Fail
147,F,15,U,GT3,T,1,2,course,mother,1,2,0,no,yes,yes,no,no,yes,yes,no,4,3,2,1,1,5,2,10,11,11,maths,Pass,Good
148,M,16,U,GT3,T,4,4,course,mother,1,1,0,no,yes,no,no,yes,no,yes,yes,3,3,2,2,1,5,0,7,6,0,maths,Fail,Fail
149,M,15,U,LE3,A,2,1,course,mother,4,1,3,no,no,no,no,yes,yes,yes,no,4,5,5,2,5,5,0,8,9,10,maths,Pass,Good
150,M,18,U,LE3,T,1,1,course,mother,1,1,3,no,no,no,no,yes,no,yes,yes,2,3,5,2,5,4,0,6,5,0,maths,Fail,Fail
151,M,16,U,LE3,T,2,1,course,mother,1,1,1,no,no,no,yes,yes,yes,no,yes,4,4,4,3,5,5,6,12,13,14,maths,Pass,Very_Good
152,F,15,R,GT3,T,3,3,reputation,other,2,3,2,no,yes,yes,yes,yes,yes,yes,yes,4,2,1,2,3,3,8,10,10,10,maths,Pass,Good
153,M,19,U,GT3,T,3,2,home,mother,1,1,3,no,yes,no,no,yes,no,yes,yes,4,5,4,1,1,4,0,5,0,0,maths,Fail,Fail
154,F,17,U,GT3,T,4,4,course,mother,1,1,0,yes,yes,no,no,yes,yes,no,yes,4,2,1,1,1,4,0,11,11,12,maths,Pass,Good
155,M,15,R,GT3,T,2,3,course,mother,1,2,0,yes,no,yes,yes,yes,yes,no,no,4,4,4,1,1,1,2,11,8,8,maths,Fail,Fail
156,M,17,R,LE3,T,1,2,reputation,mother,1,1,0,no,no,no,no,yes,yes,no,no,2,2,2,3,3,5,8,16,12,13,maths,Pass,Good
157,F,18,R,GT3,T,1,1,course,mother,3,1,3,no,yes,no,yes,no,yes,no,no,5,2,5,1,5,4,6,9,8,10,maths,Pass,Good
158,M,16,R,GT3,T,2,2,course,mother,3,1,0,no,no,no,no,no,yes,no,no,4,2,2,1,2,3,2,17,15,15,maths,Pass,Very_Good
159,M,16,U,GT3,T,3,3,course,father,1,2,1,no,yes,yes,no,yes,yes,yes,yes,4,5,5,4,4,5,4,10,12,12,maths,Pass,Good
160,M,17,R,LE3,T,2,1,course,mother,2,1,2,no,no,no,yes,yes,no,yes,yes,3,3,2,2,2,5,0,7,6,0,maths,Fail,Fail
161,M,15,R,GT3,T,3,2,course,mother,2,2,2,yes,yes,no,no,yes,yes,yes,yes,4,4,4,1,4,3,6,5,9,7,maths,Fail,Fail
162,M,16,U,LE3,T,1,2,course,mother,2,1,1,no,no,no,yes,yes,yes,no,no,4,4,4,2,4,5,0,7,0,0,maths,Fail,Fail
163,M,17,U,GT3,T,1,3,course,father,1,1,0,no,no,no,no,yes,no,yes,no,5,3,3,1,4,2,2,10,10,10,maths,Pass,Good
164,M,17,R,LE3,T,1,1,course,mother,4,2,3,no,no,no,yes,yes,no,no,yes,5,3,5,1,5,5,0,5,8,7,maths,Fail,Fail
165,M,16,U,GT3,T,3,2,course,mother,2,1,1,no,yes,no,yes,no,no,no,no,4,5,2,1,1,2,16,12,11,12,maths,Pass,Good
166,M,16,U,GT3,T,2,2,course,father,1,2,0,no,no,no,no,yes,no,yes,no,4,3,5,2,4,4,4,10,10,10,maths,Pass,Good
167,F,16,U,GT3,T,4,2,home,father,1,2,0,no,no,yes,no,yes,yes,yes,yes,4,2,3,1,1,3,0,14,15,16,maths,Pass,Excellent
168,F,16,U,GT3,T,2,2,home,mother,1,2,0,no,yes,yes,no,no,yes,yes,no,5,1,5,1,1,4,0,6,7,0,maths,Fail,Fail
169,F,16,U,GT3,T,4,4,reputation,mother,1,2,0,no,yes,yes,no,yes,yes,yes,yes,4,4,2,1,1,3,0,14,14,14,maths,Pass,Very_Good
170,M,16,U,GT3,T,3,4,course,father,3,1,2,no,yes,no,yes,no,yes,yes,no,3,4,5,2,4,2,0,6,5,0,maths,Fail,Fail
171,M,16,U,GT3,T,1,0,reputation,mother,2,2,0,no,yes,yes,yes,yes,yes,yes,yes,4,3,2,1,1,3,2,13,15,16,maths,Pass,Excellent
172,M,17,U,LE3,T,4,4,reputation,mother,1,2,0,no,yes,yes,yes,yes,yes,yes,no,4,4,4,1,3,5,0,13,11,10,maths,Pass,Good
173,F,16,U,GT3,T,1,3,home,mother,1,2,3,no,no,no,yes,no,yes,yes,yes,4,3,5,1,1,3,0,8,7,0,maths,Fail,Fail
174,F,16,U,LE3,T,3,3,reputation,mother,2,2,0,no,yes,yes,yes,yes,yes,yes,no,4,4,5,1,1,4,4,10,11,9,maths,Fail,Fail
175,M,17,U,LE3,T,4,3,course,mother,2,2,0,no,no,yes,yes,yes,yes,yes,no,4,4,4,4,4,4,4,10,9,9,maths,Fail,Fail
176,F,16,U,GT3,T,2,2,reputation,mother,2,2,0,no,no,yes,yes,no,yes,yes,no,3,4,4,1,4,5,2,13,13,11,maths,Pass,Good
177,M,17,U,GT3,T,3,3,reputation,father,1,2,0,no,no,no,yes,no,yes,yes,no,4,3,4,1,4,4,4,6,5,6,maths,Fail,Fail
178,M,16,R,GT3,T,4,2,other,mother,1,1,0,no,yes,no,yes,yes,yes,yes,yes,4,3,3,3,4,3,10,10,8,9,maths,Fail,Fail
179,M,17,U,GT3,T,4,3,course,mother,1,2,0,no,yes,no,yes,yes,yes,yes,yes,5,2,3,1,1,2,4,10,10,11,maths,Pass,Good
180,M,16,U,GT3,T,4,3,home,mother,1,2,0,no,yes,yes,yes,yes,yes,yes,no,3,4,3,2,3,3,10,9,8,8,maths,Fail,Fail
181,M,16,U,GT3,T,3,3,home,mother,1,2,0,no,no,yes,yes,yes,yes,yes,yes,4,2,3,1,2,3,2,12,13,12,maths,Pass,Good
182,F,17,U,GT3,T,2,4,reputation,father,1,2,0,no,yes,no,yes,yes,yes,no,no,5,4,2,2,3,5,0,16,17,17,maths,Pass,Excellent
183,F,17,U,LE3,T,3,3,reputation,mother,1,2,0,no,yes,no,yes,yes,yes,yes,yes,5,3,3,2,3,1,56,9,9,8,maths,Fail,Fail
184,F,16,U,GT3,T,3,2,reputation,mother,1,2,0,no,yes,yes,no,yes,yes,yes,no,1,2,2,1,2,1,14,12,13,12,maths,Pass,Good
185,M,17,U,GT3,T,3,3,other,mother,1,2,0,no,yes,no,yes,yes,yes,yes,yes,4,3,4,2,3,4,12,12,12,11,maths,Pass,Good
186,M,16,U,GT3,T,1,2,other,mother,1,1,0,no,yes,yes,yes,yes,yes,yes,yes,3,3,3,1,2,3,2,11,12,11,maths,Pass,Good
187,M,16,U,LE3,T,2,1,course,mother,1,2,0,no,no,yes,yes,yes,yes,yes,yes,4,2,3,1,2,5,0,15,15,15,maths,Pass,Very_Good
188,F,17,U,GT3,A,3,3,reputation,mother,1,2,0,no,yes,no,no,no,yes,yes,yes,3,3,3,1,3,3,6,8,7,9,maths,Fail,Fail
189,M,17,R,GT3,T,1,2,home,mother,1,2,0,no,no,no,no,yes,yes,no,no,3,1,3,1,5,3,4,8,9,10,maths,Pass,Good
190,F,16,U,GT3,T,2,3,course,mother,1,2,0,no,no,no,no,yes,yes,yes,no,4,3,3,1,1,2,10,11,12,13,maths,Pass,Good
191,F,17,U,GT3,T,1,1,course,mother,1,2,0,no,no,no,yes,yes,yes,yes,no,5,3,3,1,1,3,0,8,8,9,maths,Fail,Fail
192,M,17,U,GT3,T,1,2,other,other,2,2,0,no,no,yes,yes,no,yes,yes,no,4,4,4,4,5,5,12,7,8,8,maths,Fail,Fail
193,M,16,R,GT3,T,3,3,reputation,mother,1,1,0,no,yes,no,yes,yes,yes,yes,no,4,3,2,3,4,5,8,8,9,10,maths,Pass,Good
194,M,16,U,GT3,T,2,3,home,father,2,1,0,no,no,no,no,yes,yes,yes,no,5,3,3,1,1,3,0,13,14,14,maths,Pass,Very_Good
195,F,17,U,LE3,T,2,4,course,father,1,2,0,no,no,no,yes,yes,yes,yes,yes,4,3,2,1,1,5,0,14,15,15,maths,Pass,Very_Good
196,M,17,U,GT3,T,4,4,home,mother,1,1,0,no,no,no,no,yes,yes,yes,no,5,2,3,1,2,5,4,17,15,16,maths,Pass,Excellent
197,M,16,R,LE3,T,3,3,home,father,3,1,0,no,yes,yes,yes,yes,yes,yes,no,3,3,4,3,5,3,8,9,9,10,maths,Pass,Good
198,F,17,U,GT3,T,4,4,home,mother,2,1,1,no,yes,no,no,yes,yes,yes,no,4,2,4,2,3,2,24,18,18,18,maths,Pass,Excellent
199,F,16,U,LE3,T,4,4,reputation,mother,1,2,0,no,yes,yes,no,yes,yes,yes,no,4,5,2,1,2,3,0,9,9,10,maths,Pass,Good
200,F,16,U,GT3,T,4,3,home,mother,1,2,0,no,yes,no,yes,yes,yes,yes,no,4,3,5,1,5,2,2,16,16,16,maths,Pass,Excellent
201,F,16,U,GT3,T,2,3,reputation,mother,1,2,0,yes,yes,yes,yes,yes,yes,no,no,4,4,3,1,3,4,6,8,10,10,maths,Pass,Good
202,F,17,U,GT3,T,1,1,course,mother,1,2,0,no,yes,yes,no,no,yes,no,no,4,4,4,1,3,1,4,9,9,10,maths,Pass,Good
203,F,17,R,GT3,T,2,2,reputation,mother,1,1,0,no,yes,no,no,yes,yes,yes,no,5,3,2,1,2,3,18,7,6,6,maths,Fail,Fail
204,F,16,R,GT3,T,2,2,reputation,mother,2,4,0,no,yes,yes,yes,no,yes,yes,no,5,3,5,1,1,5,6,10,10,11,maths,Pass,Good
205,F,17,U,GT3,T,3,4,home,mother,1,3,1,no,yes,yes,no,yes,yes,yes,yes,4,4,3,3,4,5,28,10,9,9,maths,Fail,Fail
206,F,16,U,GT3,A,3,1,course,mother,1,2,3,no,yes,yes,no,yes,yes,yes,no,2,3,3,2,2,4,5,7,7,7,maths,Fail,Fail
207,F,16,U,GT3,T,4,3,other,mother,1,2,0,no,no,yes,yes,yes,yes,yes,yes,1,3,2,1,1,1,10,11,12,13,maths,Pass,Good
208,F,16,U,GT3,T,1,1,home,mother,2,1,0,no,yes,yes,no,yes,yes,no,no,4,3,2,1,4,5,6,9,9,10,maths,Pass,Good
209,F,17,R,GT3,T,4,3,reputation,mother,2,3,0,no,yes,yes,yes,yes,yes,yes,yes,4,4,2,1,1,4,6,7,7,7,maths,Fail,Fail
210,F,19,U,GT3,T,3,3,reputation,other,1,4,0,no,yes,yes,yes,yes,yes,yes,no,4,3,3,1,2,3,10,8,8,8,maths,Fail,Fail
211,M,17,U,LE3,T,4,4,home,mother,1,2,0,no,yes,yes,no,yes,yes,yes,yes,5,3,5,4,5,3,13,12,12,13,maths,Pass,Good
212,F,16,U,GT3,A,2,2,reputation,mother,1,2,0,yes,yes,yes,no,yes,yes,yes,no,3,3,4,1,1,4,0,12,13,14,maths,Pass,Very_Good
213,M,18,U,GT3,T,2,2,home,mother,1,2,1,no,yes,yes,yes,yes,yes,yes,no,4,4,4,2,4,5,15,6,7,8,maths,Fail,Fail
214,F,17,R,LE3,T,4,4,other,mother,1,1,0,no,yes,yes,no,yes,yes,no,no,5,2,1,1,2,3,12,8,10,10,maths,Pass,Good
215,F,17,U,LE3,T,3,2,reputation,mother,2,2,0,no,no,yes,no,yes,yes,yes,no,4,4,4,1,3,1,2,14,15,15,maths,Pass,Very_Good
216,F,17,U,GT3,T,4,3,reputation,mother,1,2,2,no,no,yes,no,yes,yes,yes,yes,3,4,5,2,4,1,22,6,6,4,maths,Fail,Fail
217,M,18,U,LE3,T,3,3,home,father,1,2,1,no,yes,yes,no,yes,yes,yes,no,3,2,4,2,4,4,13,6,6,8,maths,Fail,Fail
218,F,17,U,GT3,T,2,3,home,father,2,1,0,no,yes,yes,no,yes,yes,no,no,3,3,3,1,4,3,3,7,7,8,maths,Fail,Fail
219,F,17,U,GT3,T,2,2,course,mother,1,3,0,no,yes,yes,yes,yes,yes,yes,no,4,3,3,1,1,4,4,9,10,10,maths,Pass,Good
220,F,17,R,GT3,T,2,1,reputation,mother,2,2,0,no,yes,no,yes,yes,yes,yes,no,4,2,5,1,2,5,2,6,6,6,maths,Fail,Fail
221,F,17,U,GT3,T,1,1,reputation,mother,1,3,1,no,yes,no,yes,yes,yes,no,yes,4,3,4,1,1,5,0,6,5,0,maths,Fail,Fail
222,F,16,U,GT3,T,2,3,other,mother,1,2,0,yes,no,no,no,yes,yes,yes,no,2,3,1,1,1,3,2,16,16,17,maths,Pass,Excellent
223,M,18,U,GT3,T,2,2,home,mother,2,2,0,no,yes,yes,no,yes,yes,yes,no,3,3,3,5,5,4,0,12,13,13,maths,Pass,Good
224,F,16,U,GT3,T,4,4,home,mother,1,3,0,no,yes,no,yes,no,yes,yes,no,5,3,2,1,1,5,0,13,13,14,maths,Pass,Very_Good
225,F,18,R,GT3,T,3,1,reputation,mother,1,2,1,no,no,no,yes,yes,yes,yes,yes,5,3,3,1,1,4,16,9,8,7,maths,Fail,Fail
226,F,17,U,GT3,T,3,2,course,mother,1,2,0,no,no,no,yes,no,yes,yes,no,5,3,4,1,3,3,10,16,15,15,maths,Pass,Very_Good
227,M,17,U,LE3,T,2,3,reputation,father,1,2,0,no,yes,yes,no,no,yes,yes,no,5,3,3,1,3,3,2,12,11,12,maths,Pass,Good
228,M,18,U,LE3,T,2,1,course,mother,4,2,0,yes,yes,yes,yes,yes,yes,yes,yes,4,3,2,4,5,3,14,10,8,9,maths,Fail,Fail
229,F,17,U,GT3,A,2,1,course,mother,2,3,0,no,no,no,yes,yes,yes,yes,yes,3,2,3,1,2,3,10,12,10,12,maths,Pass,Good
230,F,17,U,LE3,T,4,3,reputation,father,1,2,0,no,no,no,yes,yes,yes,yes,yes,3,2,3,1,2,3,14,13,13,14,maths,Pass,Very_Good
231,M,17,R,GT3,T,2,2,course,father,2,2,0,no,yes,yes,yes,yes,yes,yes,no,4,5,2,1,1,1,4,11,11,11,maths,Pass,Good
232,M,17,U,GT3,T,4,4,reputation,mother,1,2,0,yes,yes,no,yes,yes,yes,yes,yes,4,5,5,1,3,2,14,11,9,9,maths,Fail,Fail
233,M,16,U,GT3,T,4,4,reputation,father,1,2,0,no,yes,yes,yes,yes,yes,yes,no,4,2,4,2,4,1,2,14,13,13,maths,Pass,Good
234,M,16,U,LE3,T,1,1,home,mother,2,2,0,no,yes,yes,no,yes,yes,yes,no,3,4,2,1,1,5,18,9,7,6,maths,Fail,Fail
235,M,16,U,GT3,T,3,2,reputation,mother,2,3,0,no,no,no,yes,yes,yes,yes,yes,5,3,3,1,3,2,10,11,9,10,maths,Pass,Good
236,M,17,U,LE3,T,2,2,home,father,1,2,0,no,no,yes,yes,no,yes,yes,yes,4,4,2,5,5,4,4,14,13,13,maths,Pass,Good
237,F,16,U,GT3,T,2,1,home,mother,1,1,0,no,no,no,no,yes,yes,yes,yes,4,5,2,1,1,5,20,13,12,12,maths,Pass,Good
238,F,17,R,GT3,T,2,1,course,mother,3,2,0,no,no,no,yes,yes,yes,no,no,2,1,1,1,1,3,2,13,11,11,maths,Pass,Good
239,M,18,U,GT3,T,2,2,reputation,father,1,2,1,no,no,no,no,yes,no,yes,no,5,5,4,3,5,2,0,7,7,0,maths,Fail,Fail
240,M,17,U,LE3,T,4,3,course,mother,2,2,0,no,no,no,yes,yes,yes,yes,yes,2,5,5,1,4,5,14,12,12,12,maths,Pass,Good
241,M,17,R,LE3,A,4,4,course,mother,2,2,0,no,yes,yes,no,yes,yes,yes,no,3,3,3,2,3,4,2,10,11,12,maths,Pass,Good
242,M,16,U,LE3,T,4,3,course,mother,1,1,0,no,no,no,yes,no,yes,yes,no,5,4,5,1,1,3,0,6,0,0,maths,Fail,Fail
243,M,16,U,GT3,T,4,4,course,mother,1,1,0,no,no,no,yes,yes,yes,yes,no,5,3,2,1,2,5,0,13,12,12,maths,Pass,Good
244,F,18,U,GT3,T,2,1,course,other,2,3,0,no,yes,yes,no,no,yes,yes,yes,4,4,4,1,1,3,0,7,0,0,maths,Fail,Fail
245,M,16,U,GT3,T,2,1,course,mother,3,1,0,no,no,no,no,yes,yes,yes,no,4,3,3,1,1,4,6,18,18,18,maths,Pass,Excellent
246,M,17,U,GT3,T,2,3,course,father,2,1,0,no,no,no,no,yes,yes,yes,no,5,2,2,1,1,2,4,12,12,13,maths,Pass,Good
247,M,22,U,GT3,T,3,1,other,mother,1,1,3,no,no,no,no,no,no,yes,yes,5,4,5,5,5,1,16,6,8,8,maths,Fail,Fail
248,M,18,R,LE3,T,3,3,course,mother,1,2,1,no,yes,no,no,yes,yes,yes,yes,4,3,3,1,3,5,8,3,5,5,maths,Fail,Fail
249,M,16,U,GT3,T,0,2,other,mother,1,1,0,no,no,yes,no,no,yes,yes,no,4,3,2,2,4,5,0,13,15,15,maths,Pass,Very_Good
250,M,18,U,GT3,T,3,2,course,mother,2,1,1,no,no,no,no,yes,no,yes,no,4,4,5,2,4,5,0,6,8,8,maths,Fail,Fail
251,M,16,U,GT3,T,3,3,reputation,other,3,2,0,yes,yes,no,no,no,yes,yes,no,5,3,3,1,3,2,6,7,10,10,maths,Pass,Good
252,M,18,U,GT3,T,2,1,other,mother,1,1,1,no,no,no,no,no,no,yes,no,3,2,5,2,5,5,4,6,9,8,maths,Fail,Fail
253,M,16,R,GT3,T,2,1,course,mother,2,1,0,no,no,no,yes,no,yes,no,no,3,3,2,1,3,3,0,8,9,8,maths,Fail,Fail
254,M,17,R,GT3,T,2,1,course,mother,1,1,0,no,no,no,no,no,yes,yes,no,4,4,2,2,4,5,0,8,12,12,maths,Pass,Good
255,M,17,U,LE3,T,1,1,course,mother,2,1,1,no,yes,no,yes,yes,yes,yes,no,4,4,4,1,2,5,2,7,9,8,maths,Fail,Fail
256,F,17,U,LE3,T,4,2,reputation,mother,1,4,0,no,yes,yes,yes,yes,yes,yes,no,4,2,3,1,1,4,6,14,12,13,maths,Pass,Good
257,M,19,U,LE3,A,4,3,reputation,mother,1,2,0,no,yes,no,no,yes,yes,yes,no,4,3,1,1,1,1,12,11,11,11,maths,Pass,Good
258,M,18,U,GT3,T,2,1,home,mother,1,2,0,no,no,no,yes,yes,yes,yes,no,5,2,4,1,2,4,8,15,14,14,maths,Pass,Very_Good
259,F,17,U,LE3,T,2,2,course,father,1,4,0,no,no,yes,yes,yes,yes,yes,yes,3,4,1,1,1,2,0,10,9,0,maths,Fail,Fail
260,F,18,U,GT3,T,4,3,home,father,1,2,0,no,yes,yes,no,yes,yes,yes,yes,3,1,2,1,3,2,21,17,18,18,maths,Pass,Excellent
261,M,18,U,GT3,T,4,3,course,mother,1,2,0,no,yes,yes,no,no,yes,yes,no,4,3,2,1,1,3,2,8,8,8,maths,Fail,Fail
262,M,18,R,GT3,T,3,2,course,mother,1,3,0,no,no,no,yes,no,yes,no,no,5,3,2,1,1,3,1,13,12,12,maths,Pass,Good
263,F,17,U,GT3,T,3,3,home,mother,1,3,0,no,no,no,yes,no,yes,no,no,3,2,3,1,1,4,4,10,9,9,maths,Fail,Fail
264,F,18,U,GT3,T,2,2,home,mother,1,3,0,no,yes,yes,yes,yes,yes,yes,yes,4,3,3,1,1,3,0,9,10,0,maths,Fail,Fail
265,M,18,R,LE3,A,3,4,reputation,mother,2,2,0,no,yes,yes,yes,yes,yes,yes,no,4,2,5,3,4,1,13,17,17,17,maths,Pass,Excellent
266,M,17,U,GT3,T,3,1,other,mother,1,2,0,no,no,yes,yes,yes,yes,yes,yes,5,4,4,3,4,5,2,9,9,10,maths,Pass,Good
267,F,18,R,GT3,T,4,4,reputation,mother,2,2,0,no,no,yes,yes,yes,yes,yes,no,4,3,4,2,2,4,8,12,10,11,maths,Pass,Good
268,M,18,U,GT3,T,4,2,reputation,father,1,2,0,no,yes,yes,yes,yes,yes,yes,yes,5,4,5,1,3,5,10,10,9,10,maths,Pass,Good
269,F,18,R,GT3,T,2,1,reputation,mother,2,2,0,no,yes,no,no,yes,no,yes,yes,4,3,5,1,2,3,0,6,0,0,maths,Fail,Fail
270,F,19,U,GT3,T,3,3,home,other,1,2,2,no,yes,yes,yes,yes,yes,yes,no,4,3,5,3,3,5,15,9,9,9,maths,Fail,Fail
271,F,18,U,GT3,T,2,3,reputation,father,1,4,0,no,yes,yes,yes,yes,yes,yes,yes,4,5,5,1,3,2,4,15,14,14,maths,Pass,Very_Good
272,F,18,U,LE3,T,1,1,home,mother,2,2,0,no,yes,yes,no,no,yes,no,no,4,4,3,1,1,3,2,11,11,11,maths,Pass,Good
273,M,17,R,GT3,T,1,2,home,mother,1,2,0,no,yes,yes,yes,no,yes,no,yes,3,5,2,2,2,1,2,15,14,14,maths,Pass,Very_Good
274,F,17,U,GT3,T,2,4,reputation,mother,2,2,0,no,yes,yes,no,yes,yes,yes,yes,4,3,3,1,1,1,2,10,10,10,maths,Pass,Good
275,F,17,U,LE3,T,2,2,course,mother,2,2,0,yes,yes,yes,no,yes,yes,yes,yes,4,4,4,2,3,5,6,12,12,12,maths,Pass,Good
276,F,18,R,GT3,A,3,2,home,mother,2,2,0,no,no,no,no,no,no,yes,yes,4,1,1,1,1,5,75,10,9,9,maths,Fail,Fail
277,M,18,U,GT3,T,4,4,home,mother,2,1,0,no,no,yes,yes,yes,yes,yes,no,3,2,4,1,4,3,22,9,9,9,maths,Fail,Fail
278,F,18,U,GT3,T,4,4,reputation,father,1,2,1,yes,yes,no,yes,yes,yes,yes,yes,2,4,4,1,1,4,15,9,8,8,maths,Fail,Fail
279,M,18,U,LE3,T,4,3,course,mother,2,1,0,no,no,yes,yes,yes,yes,yes,no,4,2,3,1,2,1,8,10,11,10,maths,Pass,Good
280,M,17,U,LE3,A,4,1,home,mother,2,1,0,no,no,yes,yes,yes,yes,yes,yes,4,5,4,2,4,5,30,8,8,8,maths,Fail,Fail
281,M,17,U,LE3,A,3,2,home,mother,1,1,1,no,no,no,no,yes,yes,yes,no,4,4,4,3,4,3,19,11,9,10,maths,Pass,Good
282,F,18,R,LE3,T,1,1,reputation,mother,2,4,0,no,yes,yes,yes,yes,yes,no,no,5,2,2,1,1,3,1,12,12,12,maths,Pass,Good
283,F,18,U,GT3,T,1,1,home,mother,2,2,0,yes,no,no,yes,yes,yes,yes,no,5,4,4,1,1,4,4,8,9,10,maths,Pass,Good
284,F,17,U,GT3,T,2,2,course,mother,1,2,0,no,yes,no,no,no,yes,yes,no,5,4,5,1,2,5,4,10,9,11,maths,Pass,Good
285,M,17,U,GT3,T,1,1,reputation,father,1,2,0,no,no,yes,no,no,yes,yes,no,4,3,3,1,2,4,2,12,10,11,maths,Pass,Good
286,F,18,U,GT3,T,2,2,other,mother,1,3,0,no,yes,yes,no,yes,yes,yes,no,4,3,3,1,2,2,5,18,18,19,maths,Pass,Excellent
287,F,17,U,GT3,T,1,1,reputation,mother,1,3,0,no,yes,yes,no,yes,yes,yes,no,4,3,3,1,1,3,6,13,12,12,maths,Pass,Good
288,M,18,U,GT3,T,2,1,reputation,mother,1,3,0,no,no,yes,yes,yes,yes,yes,no,4,2,4,1,3,2,6,15,14,14,maths,Pass,Very_Good
289,M,18,U,LE3,A,4,4,reputation,mother,1,2,0,no,yes,yes,yes,yes,yes,yes,no,5,4,3,1,1,2,9,15,13,15,maths,Pass,Very_Good
290,M,18,U,GT3,T,4,2,home,mother,1,2,0,no,yes,yes,yes,yes,yes,yes,yes,4,3,2,1,4,5,11,12,11,11,maths,Pass,Good
291,F,17,U,GT3,T,4,3,reputation,mother,1,3,0,no,yes,yes,no,yes,yes,yes,no,4,2,2,1,2,3,0,15,15,15,maths,Pass,Very_Good
292,F,18,U,LE3,T,2,1,reputation,mother,1,2,1,no,no,no,no,yes,yes,yes,yes,5,4,3,1,1,5,12,12,12,13,maths,Pass,Good
293,F,17,R,LE3,T,3,1,reputation,mother,2,4,0,no,yes,yes,no,yes,yes,no,no,3,1,2,1,1,3,6,18,18,18,maths,Pass,Excellent
294,M,18,R,LE3,T,3,2,reputation,mother,2,3,0,no,yes,yes,yes,yes,yes,yes,no,5,4,2,1,1,4,8,14,13,14,maths,Pass,Very_Good
295,M,17,U,GT3,T,3,3,home,mother,1,1,0,no,yes,yes,no,yes,yes,yes,no,4,4,3,1,3,5,4,14,12,11,maths,Pass,Good
296,F,19,U,GT3,T,4,4,reputation,other,2,2,0,no,yes,yes,yes,yes,yes,yes,no,2,3,4,2,3,2,0,10,9,0,maths,Fail,Fail
297,F,18,U,LE3,T,4,3,home,other,2,2,0,no,yes,yes,no,yes,yes,yes,yes,4,4,5,1,2,2,10,10,8,8,maths,Fail,Fail
298,F,18,U,GT3,T,4,3,reputation,father,1,4,0,no,yes,yes,no,yes,yes,yes,no,4,3,3,1,1,3,0,14,13,14,maths,Pass,Very_Good
299,M,18,U,LE3,T,4,4,home,mother,1,1,0,no,yes,yes,no,yes,yes,yes,yes,1,4,2,2,2,1,5,16,15,16,maths,Pass,Excellent
300,F,18,U,LE3,A,4,4,home,mother,1,2,0,no,yes,no,no,yes,yes,yes,yes,4,2,4,1,1,4,14,12,10,11,maths,Pass,Good
301,M,17,U,LE3,T,4,4,home,father,2,1,0,no,no,yes,no,yes,yes,yes,no,4,1,1,2,2,5,0,11,11,10,maths,Pass,Good
302,F,17,U,GT3,T,4,2,reputation,mother,2,3,0,no,yes,yes,no,yes,yes,yes,no,4,3,3,1,1,3,0,15,12,14,maths,Pass,Very_Good
303,F,17,U,GT3,T,3,2,reputation,father,1,4,0,no,yes,yes,yes,no,yes,yes,no,5,2,2,1,2,5,0,17,17,18,maths,Pass,Excellent
304,M,19,U,GT3,T,3,3,home,other,1,2,1,no,yes,no,yes,yes,yes,yes,yes,4,4,4,1,1,3,20,15,14,13,maths,Pass,Good
305,F,18,U,GT3,T,2,4,reputation,other,1,2,1,no,yes,yes,yes,yes,yes,yes,no,4,4,3,1,1,3,8,14,12,12,maths,Pass,Good
306,M,20,U,GT3,A,3,2,course,other,1,1,0,no,no,no,yes,yes,yes,no,no,5,5,3,1,1,5,0,17,18,18,maths,Pass,Excellent
307,M,19,U,GT3,T,4,4,reputation,other,2,1,1,no,yes,yes,no,yes,yes,yes,yes,4,3,4,1,1,4,38,8,9,8,maths,Fail,Fail
308,M,19,R,GT3,T,3,3,reputation,father,1,2,1,no,no,no,yes,yes,yes,no,yes,4,5,3,1,2,5,0,15,12,12,maths,Pass,Good
309,F,19,U,LE3,T,1,1,reputation,other,1,2,1,yes,yes,no,yes,no,yes,yes,no,4,4,3,1,3,3,18,12,10,10,maths,Pass,Good
310,F,19,U,LE3,T,1,2,home,other,1,2,1,no,no,no,yes,no,yes,no,yes,4,2,4,2,2,3,0,9,9,0,maths,Fail,Fail
311,F,19,U,GT3,T,2,1,other,other,3,2,0,no,yes,no,no,yes,no,yes,yes,3,4,1,1,1,2,20,14,12,13,maths,Pass,Good
312,M,19,U,GT3,T,1,2,course,other,1,2,1,no,no,no,no,no,yes,yes,no,4,5,2,2,2,4,3,13,11,11,maths,Pass,Good
313,F,19,U,LE3,T,3,2,reputation,other,2,2,1,no,yes,yes,no,no,yes,yes,yes,4,2,2,1,2,1,22,13,10,11,maths,Pass,Good
314,F,19,U,GT3,T,1,1,home,other,1,3,2,no,no,no,no,no,yes,yes,yes,4,1,2,1,1,3,14,15,13,13,maths,Pass,Good
315,F,19,R,GT3,T,2,3,reputation,other,1,3,1,no,no,no,no,yes,yes,yes,yes,4,1,2,1,1,3,40,13,11,11,maths,Pass,Good
316,F,18,U,GT3,T,2,1,course,mother,2,2,0,no,yes,yes,yes,yes,yes,yes,no,5,3,3,1,2,1,0,8,8,0,maths,Fail,Fail
317,F,18,U,GT3,T,4,3,course,mother,1,3,0,no,yes,yes,yes,yes,yes,yes,yes,4,3,4,1,1,5,9,9,10,9,maths,Fail,Fail
318,F,17,R,GT3,T,3,4,course,father,1,3,0,no,yes,yes,yes,no,yes,yes,no,4,3,4,2,5,5,0,11,11,10,maths,Pass,Good
319,F,18,U,GT3,T,4,4,course,mother,1,2,0,no,yes,yes,no,yes,yes,yes,no,4,4,4,3,3,5,2,11,11,11,maths,Pass,Good
320,F,17,U,GT3,A,4,3,course,mother,1,2,0,no,yes,yes,no,yes,yes,yes,yes,5,2,2,1,2,5,23,13,13,13,maths,Pass,Good
321,F,17,U,GT3,T,2,2,course,mother,1,2,0,no,yes,no,no,yes,yes,no,yes,4,2,2,1,1,3,12,11,9,9,maths,Fail,Fail
322,F,17,R,LE3,T,2,2,course,mother,1,3,0,no,yes,yes,yes,yes,yes,yes,no,3,3,2,2,2,3,3,11,11,11,maths,Pass,Good
323,F,17,U,GT3,T,3,1,course,father,1,3,0,no,yes,no,no,no,yes,yes,no,3,4,3,2,3,5,1,12,14,15,maths,Pass,Very_Good
324,F,17,U,LE3,T,0,2,home,father,2,3,0,no,no,no,no,yes,yes,yes,no,3,3,3,2,3,2,0,16,15,15,maths,Pass,Very_Good
325,M,18,U,GT3,T,4,4,course,mother,1,3,0,no,no,no,yes,yes,yes,yes,no,4,3,3,2,2,3,3,9,12,11,maths,Pass,Good
326,M,17,U,GT3,T,3,3,reputation,mother,1,1,0,no,no,no,yes,no,yes,yes,no,4,3,5,3,5,5,3,14,15,16,maths,Pass,Excellent
327,M,17,R,GT3,T,2,2,course,mother,4,1,0,no,yes,no,no,yes,yes,yes,no,4,4,5,5,5,4,8,11,10,10,maths,Pass,Good
328,F,17,U,GT3,T,4,4,course,mother,1,3,0,no,yes,yes,yes,yes,yes,yes,no,5,4,4,1,3,4,7,10,9,9,maths,Fail,Fail
329,F,17,U,GT3,T,4,4,course,mother,2,3,0,no,yes,yes,no,no,yes,yes,yes,4,3,3,1,2,4,4,14,14,14,maths,Pass,Very_Good
330,M,18,U,LE3,T,2,2,course,mother,1,4,0,no,yes,no,yes,yes,yes,yes,no,4,5,5,2,4,5,2,9,8,8,maths,Fail,Fail
331,F,17,R,GT3,T,2,4,course,father,1,3,0,no,yes,no,no,yes,yes,yes,yes,4,4,3,1,1,5,7,12,14,14,maths,Pass,Very_Good
332,F,18,U,GT3,T,3,3,home,mother,1,2,0,no,no,no,yes,yes,yes,yes,no,5,3,4,1,1,4,0,7,0,0,maths,Fail,Fail
333,F,18,U,LE3,T,2,2,home,other,1,2,0,no,no,no,yes,no,yes,yes,yes,4,3,3,1,1,2,0,8,8,0,maths,Fail,Fail
334,F,18,R,GT3,T,2,2,course,mother,2,4,0,no,no,no,yes,yes,yes,no,no,4,4,4,1,1,4,0,10,9,0,maths,Fail,Fail
335,F,17,U,GT3,T,3,4,course,mother,1,3,0,no,no,no,no,yes,yes,yes,no,4,4,5,1,3,5,16,16,15,15,maths,Pass,Very_Good
336,F,19,R,GT3,A,3,1,home,other,1,3,1,no,no,yes,no,yes,yes,no,no,5,4,3,1,2,5,12,14,13,13,maths,Pass,Good
337,F,17,U,GT3,T,3,2,home,mother,1,2,0,no,yes,yes,no,yes,yes,yes,yes,4,3,2,2,3,2,0,7,8,0,maths,Fail,Fail
338,F,18,U,LE3,T,3,3,home,mother,1,4,0,no,yes,no,no,yes,yes,yes,no,5,3,3,1,1,1,7,16,15,17,maths,Pass,Excellent
339,F,17,R,GT3,A,3,2,home,mother,1,2,0,no,yes,yes,no,yes,yes,yes,no,4,3,3,2,3,2,4,9,10,10,maths,Pass,Good
340,F,19,U,GT3,T,2,1,home,other,1,3,1,no,no,yes,yes,yes,yes,yes,yes,4,3,4,1,3,3,4,11,12,11,maths,Pass,Good
341,M,18,U,GT3,T,4,4,home,father,1,2,1,no,yes,no,yes,yes,yes,yes,no,4,3,3,2,2,2,0,10,10,0,maths,Fail,Fail
342,M,18,U,LE3,T,3,4,home,mother,1,2,0,no,no,no,yes,yes,yes,yes,yes,4,3,3,1,3,5,11,16,15,15,maths,Pass,Very_Good
343,F,17,U,GT3,A,2,2,home,father,1,2,1,no,yes,no,no,yes,yes,yes,yes,3,3,1,1,2,4,0,9,8,0,maths,Fail,Fail
344,F,18,U,GT3,T,2,3,course,mother,1,3,0,no,yes,no,no,yes,yes,yes,no,4,3,3,1,2,3,4,11,10,10,maths,Pass,Good
345,F,18,U,GT3,T,3,2,other,mother,1,3,0,no,no,no,no,yes,yes,yes,yes,5,4,3,2,3,1,7,13,13,14,maths,Pass,Very_Good
346,M,18,R,GT3,T,4,3,course,mother,1,3,0,no,no,no,no,yes,yes,yes,yes,5,3,2,1,2,4,9,16,15,16,maths,Pass,Excellent
347,M,18,U,GT3,T,4,3,course,mother,1,3,0,no,yes,yes,no,yes,yes,yes,yes,5,4,5,2,3,5,0,10,10,9,maths,Fail,Fail
348,F,17,U,GT3,T,4,3,reputation,mother,1,3,0,no,yes,yes,yes,yes,yes,yes,yes,4,4,3,1,3,4,0,13,15,15,maths,Pass,Very_Good
349,M,18,R,GT3,T,3,2,course,mother,2,1,1,no,yes,no,no,no,yes,yes,no,2,5,5,5,5,5,10,11,13,13,maths,Pass,Good
350,M,19,R,GT3,T,1,1,home,other,3,2,3,no,no,no,no,yes,yes,yes,no,5,4,4,3,3,2,8,8,7,8,maths,Fail,Fail
351,M,17,U,GT3,T,3,3,course,mother,2,2,0,no,yes,yes,no,yes,yes,yes,no,4,5,4,2,3,3,2,13,13,13,maths,Pass,Good
352,M,18,U,LE3,T,1,3,course,mother,1,1,1,no,no,no,no,yes,no,yes,yes,4,3,3,2,3,3,7,8,7,8,maths,Fail,Fail
353,M,19,R,GT3,T,1,1,home,other,3,1,1,no,yes,no,no,yes,yes,yes,no,4,4,4,3,3,5,4,8,8,8,maths,Fail,Fail
354,M,17,R,GT3,T,4,3,home,mother,2,2,0,no,yes,yes,yes,no,yes,yes,yes,4,5,5,1,3,2,4,13,11,11,maths,Pass,Good
355,F,18,U,GT3,T,3,3,course,father,1,2,0,no,yes,no,no,yes,yes,no,yes,5,3,4,1,1,5,0,10,9,9,maths,Fail,Fail
356,F,17,R,GT3,T,4,4,other,father,2,2,0,no,yes,yes,yes,yes,yes,yes,no,4,3,3,1,2,5,4,12,13,13,maths,Pass,Good
357,F,17,U,LE3,A,3,2,reputation,mother,2,2,0,no,no,no,no,yes,yes,no,yes,1,2,3,1,2,5,2,12,12,11,maths,Pass,Good
358,M,18,U,LE3,T,1,1,home,father,2,1,0,no,no,no,no,no,yes,yes,yes,3,3,2,1,2,3,4,10,10,10,maths,Pass,Good
359,F,18,U,LE3,T,1,1,course,father,2,3,0,no,no,no,no,yes,yes,yes,no,5,3,2,1,1,4,0,18,16,16,maths,Pass,Excellent
360,F,18,R,LE3,A,1,4,course,mother,3,2,0,no,no,no,no,yes,yes,no,yes,4,3,4,1,4,5,0,13,13,13,maths,Pass,Good
361,M,18,R,LE3,T,1,1,other,mother,2,2,1,no,no,no,yes,no,no,no,no,4,4,3,2,3,5,2,13,12,12,maths,Pass,Good
362,F,18,U,GT3,T,3,3,other,mother,2,2,0,no,yes,no,no,yes,yes,yes,yes,4,3,2,1,3,3,0,11,11,10,maths,Pass,Good
363,F,17,U,LE3,T,4,4,course,mother,1,2,0,no,yes,yes,yes,yes,yes,yes,yes,2,3,4,1,1,1,0,16,15,15,maths,Pass,Very_Good
364,F,17,R,GT3,T,1,2,course,father,2,2,0,no,no,no,no,no,yes,no,no,3,2,2,1,2,3,0,12,11,12,maths,Pass,Good
365,M,18,R,GT3,T,1,3,course,mother,2,2,0,no,yes,yes,no,yes,yes,no,no,3,3,4,2,4,3,4,10,10,10,maths,Pass,Good
366,M,18,U,LE3,T,4,4,other,mother,2,3,0,no,no,yes,no,yes,yes,yes,yes,4,2,2,2,2,5,0,13,13,13,maths,Pass,Good
367,F,17,R,GT3,T,1,1,reputation,mother,3,1,1,no,yes,yes,no,yes,yes,yes,yes,5,2,1,1,2,1,0,7,6,0,maths,Fail,Fail
368,F,18,U,GT3,T,2,3,course,father,2,1,0,no,yes,yes,no,yes,yes,yes,yes,5,2,3,1,2,4,0,11,10,10,maths,Pass,Good
369,F,18,R,GT3,T,4,4,other,father,3,2,0,no,yes,yes,no,no,yes,yes,yes,3,2,2,4,2,5,10,14,12,11,maths,Pass,Good
370,F,19,U,LE3,T,3,2,home,other,2,2,2,no,no,no,yes,yes,yes,no,yes,3,2,2,1,1,3,4,7,7,9,maths,Fail,Fail
371,M,18,R,LE3,T,1,2,other,father,3,1,0,no,yes,yes,yes,yes,no,yes,yes,4,3,3,2,3,3,3,14,12,12,maths,Pass,Good
372,F,17,U,GT3,T,2,2,home,mother,1,3,0,no,no,no,yes,yes,yes,no,yes,3,4,3,1,1,3,8,13,11,11,maths,Pass,Good
373,F,17,R,GT3,T,1,2,course,mother,1,1,0,no,no,no,yes,yes,yes,yes,no,3,5,5,1,3,1,14,6,5,5,maths,Fail,Fail
374,F,18,R,LE3,T,4,4,reputation,mother,2,3,0,no,no,no,no,yes,yes,yes,no,5,4,4,1,1,1,0,19,18,19,maths,Pass,Excellent
375,F,18,R,GT3,T,1,1,home,mother,4,3,0,no,no,no,no,yes,yes,yes,no,4,3,2,1,2,4,2,8,8,10,maths,Pass,Good
376,F,20,U,GT3,T,4,2,course,other,2,3,2,no,yes,yes,no,no,yes,yes,yes,5,4,3,1,1,3,4,15,14,15,maths,Pass,Very_Good
377,F,18,R,LE3,T,4,4,course,mother,1,2,0,no,no,yes,yes,yes,yes,yes,no,5,4,3,3,4,2,4,8,9,10,maths,Pass,Good
378,F,18,U,GT3,T,3,3,home,mother,1,2,0,no,no,yes,no,yes,yes,yes,yes,4,1,3,1,2,1,0,15,15,15,maths,Pass,Very_Good
379,F,17,R,GT3,T,3,1,reputation,mother,1,2,0,no,yes,yes,yes,no,yes,yes,no,4,5,4,2,3,1,17,10,10,10,maths,Pass,Good
380,M,18,U,GT3,T,4,4,home,father,1,2,0,no,no,yes,yes,no,yes,yes,no,3,2,4,1,4,2,4,15,14,14,maths,Pass,Very_Good
381,M,18,R,GT3,T,2,1,other,mother,2,1,0,no,no,no,yes,no,yes,yes,yes,4,4,3,1,3,5,5,7,6,7,maths,Fail,Fail
382,M,17,U,GT3,T,2,3,home,father,2,2,0,no,no,no,yes,yes,yes,yes,no,4,4,3,1,1,3,2,11,11,10,maths,Pass,Good
383,M,19,R,GT3,T,1,1,other,mother,2,1,1,no,no,no,no,yes,yes,no,no,4,3,2,1,3,5,0,6,5,0,maths,Fail,Fail
384,M,18,R,GT3,T,4,2,home,father,2,1,1,no,no,yes,no,yes,yes,no,no,5,4,3,4,3,3,14,6,5,5,maths,Fail,Fail
385,F,18,R,GT3,T,2,2,other,mother,2,3,0,no,no,yes,no,yes,yes,no,no,5,3,3,1,3,4,2,10,9,10,maths,Pass,Good
386,F,18,R,GT3,T,4,4,reputation,mother,3,1,0,no,yes,yes,yes,yes,yes,yes,yes,4,4,3,2,2,5,7,6,5,6,maths,Fail,Fail
387,F,19,R,GT3,T,2,3,course,mother,1,3,1,no,no,no,yes,no,yes,yes,no,5,4,2,1,2,5,0,7,5,0,maths,Fail,Fail
388,F,18,U,LE3,T,3,1,course,mother,1,2,0,no,yes,yes,no,yes,yes,yes,no,4,3,4,1,1,1,0,7,9,8,maths,Fail,Fail
389,F,18,U,GT3,T,1,1,course,mother,2,2,1,no,no,no,yes,yes,yes,no,no,1,1,1,1,1,5,0,6,5,0,maths,Fail,Fail
390,M,20,U,LE3,A,2,2,course,other,1,2,2,no,yes,yes,no,yes,yes,no,no,5,5,4,4,5,4,11,9,9,9,maths,Fail,Fail
391,M,17,U,LE3,T,3,1,course,mother,2,1,0,no,no,no,no,no,yes,yes,no,2,4,5,3,4,2,3,14,16,16,maths,Pass,Excellent
392,M,21,R,GT3,T,1,1,course,other,1,1,3,no,no,no,no,no,yes,no,no,5,5,3,3,3,3,3,10,8,7,maths,Fail,Fail
393,M,18,R,LE3,T,3,2,course,mother,3,1,0,no,no,no,no,no,yes,yes,no,4,4,1,3,4,5,0,11,12,10,maths,Pass,Good
394,M,19,U,LE3,T,1,1,course,father,1,1,0,no,no,no,no,yes,yes,yes,no,3,2,3,3,3,5,5,8,9,9,maths,Fail,Fail
